Nome,Preco,Preco_Original,Desconto,URL,SKU,Disponibilidade
"Suporte Lateral 5, Branco","R$9,99",N/A,N/A,https://www.sodimac.com.br,631875,N/A
Prateleira com Suporte em J Preto,"R$9,99",N/A,N/A,https://www.sodimac.com.br,868358,N/A
"Prateleira com Suporte 20X60X2,5 Preta","R$9,99",N/A,N/A,https://www.sodimac.com.br,882876001,N/A
"Prateleira com Suporte 20X40X4,0 Preta","R$9,99",N/A,N/A,https://www.sodimac.com.br,882872001,N/A
Cubo 9 Jogo Da Velha Preto,"R$9,99",N/A,N/A,https://www.sodimac.com.br,754974002,N/A
"Prateleira com Suporte 20X60X4,0 Preta","R$9,99",N/A,N/A,https://www.sodimac.com.br,882873001,N/A
"Prateleira com Suporte 25x60x4,0cm Preto","R$9,99",N/A,N/A,https://www.sodimac.com.br,754969002,N/A
Sup Prat 4 Peças aço Galvanizado 35x25x15x2mm Arc,"R$9,99",N/A,N/A,https://www.sodimac.com.br,858036,N/A
"Prateleira com Suporte 20X60X4,0 Branca","R$9,99",N/A,N/A,https://www.sodimac.com.br,882873002,N/A
Prateleira com Suporte Tucano 25X100 Branca,"R$9,99",N/A,N/A,https://www.sodimac.com.br,879325002,N/A
Suportes Prat Red Ct 10Pcs Marfim 10x15,"R$9,99",N/A,N/A,https://www.sodimac.com.br,699094,N/A
"Prateleira Sem Suporte 30X80X1,5 Preta","R$9,99",N/A,N/A,https://www.sodimac.com.br,882869001,N/A
"Prateleira com Suporte 30X80X1,5 Nogueira","R$9,99",N/A,N/A,https://www.sodimac.com.br,882855001,N/A
Trilho Fixo Rasgo Duplo 50cm Preto,"R$9,99",N/A,N/A,https://www.sodimac.com.br,1086984001,N/A
Trilho Fixo Rasgo Simples 50cm Preto,"R$9,99",N/A,N/A,https://www.sodimac.com.br,1086982001,N/A
Trilho Fixo Rasgo Duplo 50cm Branco,"R$9,99",N/A,N/A,https://www.sodimac.com.br,1086984002,N/A
Trilho Fixo Rasgo Simples 200cm Branco,"R$9,99",N/A,N/A,https://www.sodimac.com.br,1087392002,N/A
Trilho Fixo Rasgo Simples 30cm Branco,"R$9,99",N/A,N/A,https://www.sodimac.com.br,1086979002,N/A
Trilho Fixo Rasgo Duplo 100cm Branco,"R$9,99",N/A,N/A,https://www.sodimac.com.br,1087381002,N/A
Trilho Fixo Rasgo Simples 50cm Branco,"R$9,99",N/A,N/A,https://www.sodimac.com.br,1086982002,N/A
"Prateleira com Suporte 20X100X1,5 Nogueira","R$9,99",N/A,N/A,https://www.sodimac.com.br,882866001,N/A
Porta Quadros 10x90cm Preto,"R$9,99",N/A,N/A,https://www.sodimac.com.br,868346,N/A
"Prateleira com Suporte 20X40X2,5 Branca","R$9,99",N/A,N/A,https://www.sodimac.com.br,882874001,N/A
Prateleira com Suporte Tucano 25X80 Branca,"R$9,99",N/A,N/A,https://www.sodimac.com.br,879324002,N/A
Trilho Organiza Duplo 96cm Ducasse,"R$9,99",N/A,N/A,https://www.sodimac.com.br,881737,N/A
Trilho Organiza Duplo 64cm Ducasse,"R$9,99",N/A,N/A,https://www.sodimac.com.br,881736,N/A
Prateleira Madeira com Suporte 90x20 Marrom Zamar,"R$9,99",N/A,N/A,https://www.sodimac.com.br,883395,N/A
Prateleira de Metal Angolo Duo Rosa,"R$9,99",N/A,N/A,https://www.sodimac.com.br,1021276004,N/A
Suporte Fixo para Tv de 14'' a 84'' Preto Multivisão,"R$9,99",N/A,N/A,https://www.sodimac.com.br,420212,N/A
"Suporte Matisse Par, Branco, 18cm","R$9,99",N/A,N/A,https://www.sodimac.com.br,599484,N/A
"Suporte Mondrian, Preto","R$9,99",N/A,N/A,https://www.sodimac.com.br,599490,N/A
"Suporte Lateral 7, Branco","R$9,99",N/A,N/A,https://www.sodimac.com.br,631877,N/A
Suporte para Blu-Ray e DVD para Blu-ray / DVD / Acessórios SSDC-V1 Knopex Preto,"R$9,99",N/A,N/A,https://www.sodimac.com.br,707257,N/A
"Suporte Engate Simples, Branco, 20cm","R$9,99",N/A,N/A,https://www.sodimac.com.br,639109,N/A
"Suporte para Tv Até 55"", Preto","R$9,99",N/A,N/A,https://www.sodimac.com.br,693809,N/A
"Suporte Lateral 7, Preto","R$9,99",N/A,N/A,https://www.sodimac.com.br,631879,N/A
Suporte Fixo para Tv de 14'' a 100'' Preto Multivisão,"R$9,99",N/A,N/A,https://www.sodimac.com.br,69501001,N/A
Trilho de Engate Simples 50cm Preto,"R$9,99",N/A,N/A,https://www.sodimac.com.br,742838,N/A
Suporte Multiuso de Aço Branco Multivisão,"R$9,99",N/A,N/A,https://www.sodimac.com.br,754996002,N/A
"Suporte Triarticulado com Inclinação para Tv de 14"" a 56"" Preto Multivisão","R$9,99",N/A,N/A,https://www.sodimac.com.br,762277,N/A
Nicho Polido 30x30cm Branco M&R,"R$9,99",N/A,N/A,https://www.sodimac.com.br,762429,N/A
Suporte Engate Duplo 27cm 100Kg Branco Ducasse,"R$9,99",N/A,N/A,https://www.sodimac.com.br,785118,N/A
Suporte Engate Duplo 22cm 100Kg Branco Ducasse,"R$9,99",N/A,N/A,https://www.sodimac.com.br,785117,N/A
"Suporte Articulado de Parede para TV/LCD 23"" a 42"" Giro 90° Preto","R$9,99",N/A,N/A,https://www.sodimac.com.br,783566,N/A
"Prateleira C/Sup 30X60X1,5 Ff Nogueira","R$9,99",N/A,N/A,https://www.sodimac.com.br,876565001,N/A
Kit Prático para Prateleira Dupla e Gancho,"R$9,99",N/A,N/A,https://www.sodimac.com.br,865580,N/A
Suporte Multiuso de Aço Preto Multivisão,"R$9,99",N/A,N/A,https://www.sodimac.com.br,754996001,N/A
Suporte de Engate Simples 25cm Preto Ducasse,"R$9,99",N/A,N/A,https://www.sodimac.com.br,742831,N/A
Nicho 9 com Suporte Branco,"R$9,99",N/A,N/A,https://www.sodimac.com.br,754974003,N/A
Suporte de Teto com Inclinação e Rotação para Tv de 19'' a 56'' Preto Multivisão,"R$9,99",N/A,N/A,https://www.sodimac.com.br,762278,N/A
Prateleira Organizadora Linus Transparente Interdesign,"R$9,99",N/A,N/A,https://www.sodimac.com.br,783969,N/A
Suporte para Prateleira Invisível T 250mm Dourado,"R$9,99",N/A,N/A,https://www.sodimac.com.br,750667,N/A
Prateleira Organizadora Canto Linus,"R$9,99",N/A,N/A,https://www.sodimac.com.br,783970,N/A
Suporte Biarticulado com Inclinação para Tv de 14'' a 56'' Preto Multivisão,"R$9,99",N/A,N/A,https://www.sodimac.com.br,32962,N/A
"Suporte Esquadro, Branco, 25x30","R$9,99",N/A,N/A,https://www.sodimac.com.br,588979,N/A
"Suporte Esquadro, Branco, 30x35","R$9,99",N/A,N/A,https://www.sodimac.com.br,588981,N/A
"Prateleira Sem Suporte 30X80X1,5 Preta","R$9,99",N/A,N/A,https://www.sodimac.com.br,882869001,N/A
Trilho Fixo Rasgo Simples 30cm Branco,"R$9,99",N/A,N/A,https://www.sodimac.com.br,1086979002,N/A
Trilho Fixo Rasgo Duplo 50cm Preto,"R$9,99",N/A,N/A,https://www.sodimac.com.br,1086984001,N/A
Trilho Fixo Rasgo Duplo 100cm Branco,"R$9,99",N/A,N/A,https://www.sodimac.com.br,1087381002,N/A
Trilho Fixo Rasgo Simples 50cm Preto,"R$9,99",N/A,N/A,https://www.sodimac.com.br,1086982001,N/A
Trilho Fixo Rasgo Simples 50cm Branco,"R$9,99",N/A,N/A,https://www.sodimac.com.br,1086982002,N/A
Trilho Fixo Rasgo Duplo 50cm Branco,"R$9,99",N/A,N/A,https://www.sodimac.com.br,1086984002,N/A
Trilho Fixo Rasgo Simples 200cm Branco,"R$9,99",N/A,N/A,https://www.sodimac.com.br,1087392002,N/A
"Prateleira com Suporte 20X100X1,5 Nogueira","R$9,99",N/A,N/A,https://www.sodimac.com.br,882866001,N/A
Porta Quadros 10x90cm Preto,"R$9,99",N/A,N/A,https://www.sodimac.com.br,868346,N/A
Trilho Organiza Duplo 32cm Ducasse,"R$9,99",N/A,N/A,https://www.sodimac.com.br,881741,N/A
"Prateleira Sem Suporte 20X80X1,5 Branca","R$9,99",N/A,N/A,https://www.sodimac.com.br,882871002,N/A
"Prateleira com Suporte 20X80X4,0 Branca","R$9,99",N/A,N/A,https://www.sodimac.com.br,882874002,N/A
Trilho Organiza Duplo 128cm Ducasse,"R$9,99",N/A,N/A,https://www.sodimac.com.br,881738,N/A
Prateleira e Kit de Fixação,"R$9,99",N/A,N/A,https://www.sodimac.com.br,882919,N/A
Prateleira com Suporte em L Branco,"R$9,99",N/A,N/A,https://www.sodimac.com.br,868354,N/A
Prateleira Loft Sq Black 2030 B83,"R$9,99",N/A,N/A,https://www.sodimac.com.br,1032902,N/A
Papeleira Loft Sq Bk 2020 B83,"R$9,99",N/A,N/A,https://www.sodimac.com.br,1032903,N/A
Kit de Suporte em Aço Carbono com Prateleira em Mdp,"R$9,99",N/A,N/A,https://www.sodimac.com.br,1046372,N/A
Kit de 2 Prateleiras Cor Mel  com Suporte 2 Niveis em Aço Carbono,"R$9,99",N/A,N/A,https://www.sodimac.com.br,1046373,N/A
Prateleira com Suporte Tucano 25X40 Preto,"R$9,99",N/A,N/A,https://www.sodimac.com.br,879322001,N/A
"Prateleira com Suporte 30X80X1,5 Nogueira","R$9,99",N/A,N/A,https://www.sodimac.com.br,882855001,N/A
Suportes Prat Red Ct 10Pcs Marrom 10x15,"R$9,99",N/A,N/A,https://www.sodimac.com.br,699095,N/A
Prateleira de Metal Angolo Duo Rosa,"R$9,99",N/A,N/A,https://www.sodimac.com.br,1021276004,N/A
Prateleira de Metal Angolo Duo Branco,"R$9,99",N/A,N/A,https://www.sodimac.com.br,1021276003,N/A
Suporte L Mão Francesa Reforçado Branco Multivisão,"R$9,99",N/A,N/A,https://www.sodimac.com.br,1087428002,N/A
Suporte L Mão Francesa Reforçado Preto Multivisão,"R$9,99",N/A,N/A,https://www.sodimac.com.br,1087428001,N/A
Trilho Organiza Duplo 64cm Ducasse,"R$9,99",N/A,N/A,https://www.sodimac.com.br,881736,N/A
Mao Francesa Invertida 20 Rose Gold,"R$9,99",N/A,N/A,https://www.sodimac.com.br,883463,N/A
Prateleira Multiuso para Banheiro Luxo Cromado,"R$9,99",N/A,N/A,https://www.sodimac.com.br,761273,N/A
Nicho Line Redondo 30X12 Rose Gold,"R$9,99",N/A,N/A,https://www.sodimac.com.br,883452003,N/A
"Prateleira com Suporte 20X60X2,5 Branca","R$9,99",N/A,N/A,https://www.sodimac.com.br,882876002,N/A
Suportes Prat Tipo Pino com 1 Peça Branco,"R$9,99",N/A,N/A,https://www.sodimac.com.br,699096,N/A
"Suporte Triarticulado com Inclinação para Tv de 14"" a 56"" Preto Multivisão","R$9,99",N/A,N/A,https://www.sodimac.com.br,762277,N/A
Suporte Multiuso de Aço Preto Multivisão,"R$9,99",N/A,N/A,https://www.sodimac.com.br,754996001,N/A
Suporte Engate Duplo 27cm 100Kg Branco Ducasse,"R$9,99",N/A,N/A,https://www.sodimac.com.br,785118,N/A
Prateleira Click de Aço com Suporte Mondrian 40Kg Branco,"R$9,99",N/A,N/A,https://www.sodimac.com.br,761808002,N/A
Suporte para Prateleira Invisível T 300mm Dourado,"R$9,99",N/A,N/A,https://www.sodimac.com.br,750668,N/A
Prateleira Organizadora Canto Linus,"R$9,99",N/A,N/A,https://www.sodimac.com.br,783970,N/A
Suporte Triarticulado com Inclinação para Tv de 32'' a 70'' Preto Multivisão,"R$9,99",N/A,N/A,https://www.sodimac.com.br,876545,N/A
Prateleira Multiuso Laminada Black Passerini,"R$9,99",N/A,N/A,https://www.sodimac.com.br,882023,N/A
Suporte para Prateleira Invisível T 150mm Dourado,"R$9,99",N/A,N/A,https://www.sodimac.com.br,750665,N/A
Suporte Multiuso de Aço Branco Multivisão,"R$9,99",N/A,N/A,https://www.sodimac.com.br,754996002,N/A
Suporte de Engate Simples 20cm Preto Ducasse,"R$9,99",N/A,N/A,https://www.sodimac.com.br,742829,N/A
Suporte de Engate Simples 25cm Preto Ducasse,"R$9,99",N/A,N/A,https://www.sodimac.com.br,742831,N/A
"Prateleira 20X60X1,5 Mdp Uv Preto","R$9,99",N/A,N/A,https://www.sodimac.com.br,876537,N/A
Nicho Com Suporte Invisivel 30X30 Preto,"R$9,99",N/A,N/A,https://www.sodimac.com.br,876558001,N/A
Nicho Com Suporte Invisivel 30X60 Preto,"R$9,99",N/A,N/A,https://www.sodimac.com.br,876578001,N/A
Suporte Engate Duplo 32cm 100Kg Branco Ducasse,"R$9,99",N/A,N/A,https://www.sodimac.com.br,785119,N/A
Nicho Polido 30x30cm Branco M&R,"R$9,99",N/A,N/A,https://www.sodimac.com.br,762429,N/A
Trilho de Engate Simples 200cm Preto,"R$9,99",N/A,N/A,https://www.sodimac.com.br,742837,N/A
Suporte para Prateleira Invisível T 200mm Dourado,"R$9,99",N/A,N/A,https://www.sodimac.com.br,750666,N/A
Prateleira Organizadora Linus Transparente Interdesign,"R$9,99",N/A,N/A,https://www.sodimac.com.br,783969,N/A
Suporte Engate Duplo 22cm 100Kg Branco Ducasse,"R$9,99",N/A,N/A,https://www.sodimac.com.br,785117,N/A
"Prateleira C/Sup 30X60X1,5 Ff Nogueira","R$9,99",N/A,N/A,https://www.sodimac.com.br,876565001,N/A
Kit Prático para Prateleira Dupla e Gancho,"R$9,99",N/A,N/A,https://www.sodimac.com.br,865580,N/A
Nicho Dandy 45X45X15 Dourada,"R$9,99",N/A,N/A,https://www.sodimac.com.br,883394,N/A
Nicho Line Redondo 30X12 Branco,"R$9,99",N/A,N/A,https://www.sodimac.com.br,883453002,N/A
Mao Francesa Invertida 30 Preta Gold,"R$9,99",N/A,N/A,https://www.sodimac.com.br,883464,N/A
Suporte Prat Meia Cana Ct10Pcs Branco,"R$9,99",N/A,N/A,https://www.sodimac.com.br,699091,N/A
"Prateleira com Suporte 30X80X1,5 Branca","R$9,99",N/A,N/A,https://www.sodimac.com.br,882851,N/A
Mao Francesa Invertida 20 Rose Gold,"R$9,99",N/A,N/A,https://www.sodimac.com.br,883463,N/A
Prateleira Multiuso para Banheiro Luxo Cromado,"R$9,99",N/A,N/A,https://www.sodimac.com.br,761273,N/A
Suporte para Prateleira Invisível T 150mm Dourado,"R$9,99",N/A,N/A,https://www.sodimac.com.br,750665,N/A
Suporte Engate Duplo 32cm 100Kg Branco Ducasse,"R$9,99",N/A,N/A,https://www.sodimac.com.br,785119,N/A
Trilho de Engate Simples 200cm Preto,"R$9,99",N/A,N/A,https://www.sodimac.com.br,742837,N/A
Prateleira 25x60cm Wengue,"R$9,99",N/A,N/A,https://www.sodimac.com.br,754410001,N/A
"Prateleira 30X60X1,5 Mdp Uv Preto","R$9,99",N/A,N/A,https://www.sodimac.com.br,876540,N/A
"Prateleira 20X60X1,5 Mdp Uv Preto","R$9,99",N/A,N/A,https://www.sodimac.com.br,876537,N/A
Nicho Com Suporte Invisivel 30X60 Preto,"R$9,99",N/A,N/A,https://www.sodimac.com.br,876578001,N/A
Suporte Triarticulado com Inclinação para Tv de 32'' a 70'' Preto Multivisão,"R$9,99",N/A,N/A,https://www.sodimac.com.br,876545,N/A
Nicho Com Suporte Invisivel 30X30 Preto,"R$9,99",N/A,N/A,https://www.sodimac.com.br,876558001,N/A
"Suporte Auxiliar, Preto","R$9,99",N/A,N/A,https://www.sodimac.com.br,693784,N/A
Suportes Prat Red Ct 10Pcs Branco 10x15,"R$9,99",N/A,N/A,https://www.sodimac.com.br,699093,N/A
Prateleira em Pinus 30x60x17mm Settis,"R$9,99",N/A,N/A,https://www.sodimac.com.br,1021130,N/A
Prateleira em Pinus 20x40x17mm Settis,"R$9,99",N/A,N/A,https://www.sodimac.com.br,1021133,N/A
Prateleira em Pinus 30x80x17mm Settis,"R$9,99",N/A,N/A,https://www.sodimac.com.br,1021131,N/A
Prateleira em Pinus 20x60x17mm Settis,"R$9,99",N/A,N/A,https://www.sodimac.com.br,1021134,N/A
Porta Revista Preto Zamar,"R$9,99",N/A,N/A,https://www.sodimac.com.br,1021208,N/A
Prateleira em Pinus 30x120x17mm Settis,"R$9,99",N/A,N/A,https://www.sodimac.com.br,1021132,N/A
"Prateleira com Suporte 20X80X1,5 Nogueira","R$9,99",N/A,N/A,https://www.sodimac.com.br,882867001,N/A
"Prateleira Sem Suporte 30X100X1,5 Branca","R$9,99",N/A,N/A,https://www.sodimac.com.br,882868002,N/A
Suporte Extra Forte 30cm 140kg Preto,"R$9,99",N/A,N/A,https://www.sodimac.com.br,761796001,N/A
Prateleira Loft Sq Black 2030 B83,"R$9,99",N/A,N/A,https://www.sodimac.com.br,1032902,N/A
Papeleira Loft Sq Bk 2020 B83,"R$9,99",N/A,N/A,https://www.sodimac.com.br,1032903,N/A
"Prateleira com Suporte 30X80X1,5 Nogueira","R$9,99",N/A,N/A,https://www.sodimac.com.br,882855001,N/A
Trilho Organiza Duplo 32cm Ducasse,"R$9,99",N/A,N/A,https://www.sodimac.com.br,881741,N/A
"Prateleira Sem Suporte 20X80X1,5 Branca","R$9,99",N/A,N/A,https://www.sodimac.com.br,882871002,N/A
"Prateleira com Suporte 20X80X4,0 Branca","R$9,99",N/A,N/A,https://www.sodimac.com.br,882874002,N/A
Trilho Organiza Duplo 128cm Ducasse,"R$9,99",N/A,N/A,https://www.sodimac.com.br,881738,N/A
Kit de Suporte em Aço Carbono com Prateleira em Mdp,"R$9,99",N/A,N/A,https://www.sodimac.com.br,1046372,N/A
Kit de 2 Prateleiras Cor Mel  com Suporte 2 Niveis em Aço Carbono,"R$9,99",N/A,N/A,https://www.sodimac.com.br,1046373,N/A
Prateleira com Suporte Tucano 25X40 Preto,"R$9,99",N/A,N/A,https://www.sodimac.com.br,879322001,N/A
Suportes Prat Red Ct 10Pcs Marrom 10x15,"R$9,99",N/A,N/A,https://www.sodimac.com.br,699095,N/A
"Prateleira com Suporte 20X100X1,5 Nogueira","R$9,99",N/A,N/A,https://www.sodimac.com.br,882866001,N/A
Porta Quadros 10x90cm Preto,"R$9,99",N/A,N/A,https://www.sodimac.com.br,868346,N/A
Trilho Fixo Rasgo Simples 30cm Branco,"R$9,99",N/A,N/A,https://www.sodimac.com.br,1086979002,N/A
Trilho Fixo Rasgo Duplo 50cm Preto,"R$9,99",N/A,N/A,https://www.sodimac.com.br,1086984001,N/A
Trilho Fixo Rasgo Duplo 100cm Branco,"R$9,99",N/A,N/A,https://www.sodimac.com.br,1087381002,N/A
Trilho Fixo Rasgo Simples 50cm Preto,"R$9,99",N/A,N/A,https://www.sodimac.com.br,1086982001,N/A
Trilho Fixo Rasgo Simples 50cm Branco,"R$9,99",N/A,N/A,https://www.sodimac.com.br,1086982002,N/A
Trilho Fixo Rasgo Duplo 50cm Branco,"R$9,99",N/A,N/A,https://www.sodimac.com.br,1086984002,N/A
Trilho Fixo Rasgo Simples 200cm Branco,"R$9,99",N/A,N/A,https://www.sodimac.com.br,1087392002,N/A
Prateleira de Metal Angolo Duo Rosa,"R$9,99",N/A,N/A,https://www.sodimac.com.br,1021276004,N/A
Prateleira de Metal Angolo Duo Branco,"R$9,99",N/A,N/A,https://www.sodimac.com.br,1021276003,N/A
Prateleira e Kit de Fixação,"R$9,99",N/A,N/A,https://www.sodimac.com.br,882919,N/A
Trilho Organiza Duplo 64cm Ducasse,"R$9,99",N/A,N/A,https://www.sodimac.com.br,881736,N/A
Prateleira com Suporte em L Branco,"R$9,99",N/A,N/A,https://www.sodimac.com.br,868354,N/A
Trilho Organiza Duplo 190cm Ducasse,"R$9,99",N/A,N/A,https://www.sodimac.com.br,881740,N/A
"Prateleira C/Sup 20X60X1,5 Ff Nogueira","R$9,99",N/A,N/A,https://www.sodimac.com.br,876562001,N/A
"Prateleira com Suporte 20X80X2,5 Preta","R$9,99",N/A,N/A,https://www.sodimac.com.br,882877001,N/A
Porta Quadros 10x60cm Preto,"R$9,99",N/A,N/A,https://www.sodimac.com.br,868317,N/A
"Prateleira Sem Suporte 30X80X1,5 Branca","R$9,99",N/A,N/A,https://www.sodimac.com.br,882869002,N/A
Trilho Organiza Duplo 160cm Ducasse,"R$9,99",N/A,N/A,https://www.sodimac.com.br,881739,N/A
Trilho Organiza Duplo 64cm Ducasse,"R$9,99",N/A,N/A,https://www.sodimac.com.br,881742,N/A
"Prateleira com Suporte 20X40X2,5 Preta","R$9,99",N/A,N/A,https://www.sodimac.com.br,882875001,N/A
"Prateleira Sem Suporte 30X100X1,5 Preta","R$9,99",N/A,N/A,https://www.sodimac.com.br,882868001,N/A
"Prateleira com Suporte 30X100X1,5 Nogueira","R$9,99",N/A,N/A,https://www.sodimac.com.br,882854001,N/A
Prateleira de Canto Preto,"R$9,99",N/A,N/A,https://www.sodimac.com.br,754975002,N/A
"Prateleira com Suporte 20X80X2,5 Branca","R$9,99",N/A,N/A,https://www.sodimac.com.br,882877002,N/A
Trilho de Engate Simples 150cm Preto,"R$9,99",N/A,N/A,https://www.sodimac.com.br,742836,N/A
Mao Francesa Invertida 30 Rose Gold,"R$9,99",N/A,N/A,https://www.sodimac.com.br,883462,N/A
Suporte Organiza Duplo 32cm para Cremalheira Ducasse,"R$9,99",N/A,N/A,https://www.sodimac.com.br,881749,N/A
"Trilho Duplo 1,5m Branco","R$9,99",N/A,N/A,https://www.sodimac.com.br,639530,N/A
Suporte Organiza Duplo 37cm para Cremalheira Ducasse,"R$9,99",N/A,N/A,https://www.sodimac.com.br,881750,N/A
Prateleira 25x80cm Wengue,"R$9,99",N/A,N/A,https://www.sodimac.com.br,754411001,N/A
Nicho de Madeira Rattan Just Home Collection,"R$9,99",N/A,N/A,https://www.sodimac.com.br,879045,N/A
Prateleira com Suporte em U Preto,"R$9,99",N/A,N/A,https://www.sodimac.com.br,754972001,N/A
MACACO GARRAFA 6T T010205,"R$9,99",N/A,N/A,https://www.sodimac.com.br,555738,N/A
Prateleira com Suporte em U Branco,"R$9,99",N/A,N/A,https://www.sodimac.com.br,754972002,N/A
Prateleira Madeira Com Suporte 60X20cm Marrom,"R$9,99",N/A,N/A,https://www.sodimac.com.br,883457,N/A
Nicho Line Redondo 30X12 Dourado,"R$9,99",N/A,N/A,https://www.sodimac.com.br,883452002,N/A
Prateleira com Suporte Tucano 25X40 Branca,"R$9,99",N/A,N/A,https://www.sodimac.com.br,879322002,N/A
Trilho Organiza Duplo 160cm Ducasse,"R$9,99",N/A,N/A,https://www.sodimac.com.br,881745,N/A
"Suporte Tipo Tucano para Prateleira de 1,5 de Espessura","R$9,99",N/A,N/A,https://www.sodimac.com.br,879326001,N/A
"Prateleira com Suporte 30X100X1,5 Branca","R$9,99",N/A,N/A,https://www.sodimac.com.br,882850,N/A
"Suporte Tipo Tucano para Prateleira de 1,5 de Espessura","R$9,99",N/A,N/A,https://www.sodimac.com.br,879326002,N/A
Suporte Organiza Duplo 17cm para Cremalheira Ducasse,"R$9,99",N/A,N/A,https://www.sodimac.com.br,881751,N/A
Suporte Organiza Duplo 27cm para Cremalheira Ducasse,"R$9,99",N/A,N/A,https://www.sodimac.com.br,881748,N/A
"Suporte Engate Simples, Branco, 25cm","R$9,99",N/A,N/A,https://www.sodimac.com.br,639111,N/A
Suporte de Parede Inclinação Tv/lcd Led 22x22x14cm Preto,"R$9,99",N/A,N/A,https://www.sodimac.com.br,693815,N/A
"Suporte de Teto com Inclinação e Regulagem de Altura para Tv Led e Lcd 10"" a 42"" Preto","R$9,99",N/A,N/A,https://www.sodimac.com.br,693812,N/A
Par de Alças Couro Café 100x3cm Ideal Express,"R$9,99",N/A,N/A,https://www.sodimac.com.br,881013002,N/A
Suporte para Acessórios Telescópico Preto Multivisão,"R$9,99",N/A,N/A,https://www.sodimac.com.br,762273,N/A
Par de Alças Couro Preto 100x3cm Ideal Express,"R$9,99",N/A,N/A,https://www.sodimac.com.br,881013001,N/A
Prateleira com Suporte Tucano 25X100 Preto,"R$9,99",N/A,N/A,https://www.sodimac.com.br,879325001,N/A
"Prateleira com Suporte 20X100X1,5 Branca","R$9,99",N/A,N/A,https://www.sodimac.com.br,882852,N/A
Suporte Fixo para Tv de 32'' a 84'' Preto Multivisão,"R$9,99",N/A,N/A,https://www.sodimac.com.br,32961,N/A
"Prateleira Sem Suporte 20X100X1,5 Preta","R$9,99",N/A,N/A,https://www.sodimac.com.br,882870001,N/A
Porta Quadros 10x90cm Branco,"R$9,99",N/A,N/A,https://www.sodimac.com.br,868335,N/A
Kit de Suporte em Aço Carbono com Prateleira em Mdp,"R$9,99",N/A,N/A,https://www.sodimac.com.br,1046371,N/A
Conjunto 8 Cabides Madeira Just Home Collection,"R$9,99",N/A,N/A,https://www.sodimac.com.br,555754,N/A
Cabideiro de Roupa Com Base de Mármore 170x32cm Just Home Collection,"R$9,99",N/A,N/A,https://www.sodimac.com.br,887363,N/A
Cesto de Roupa Redondo Bambu,"R$9,99",N/A,N/A,https://www.sodimac.com.br,875847,N/A
"Conjunto 10 Cabides Abs Veludo Bege, Madeira Just Home Collection","R$9,99",N/A,N/A,https://www.sodimac.com.br,555792,N/A
Cabide de Madeira Para 4 Calças Ordenna,"R$9,99",N/A,N/A,https://www.sodimac.com.br,557101,N/A
Arara de Roupa com 3 Caixas Organizadoras Tecido Just Home Collection,"R$9,99",N/A,N/A,https://www.sodimac.com.br,879395,N/A
Estante Multiuso com Rodas 3 Níveis Branco Just Home Collection,"R$9,99",N/A,N/A,https://www.sodimac.com.br,879983002,N/A
Caixa Organizadora Wenbox 32x16x42cm 15L,"R$9,99",N/A,N/A,https://www.sodimac.com.br,784670,N/A
Arara para Roupas com Sapateira Just Home Collection,"R$9,99",N/A,N/A,https://www.sodimac.com.br,879001,N/A
Conjunto de 15 Peças Cabides Natural Just Home Collection,"R$9,99",N/A,N/A,https://www.sodimac.com.br,879341,N/A
Sapateira Bambu Empilhavel 4 Níveis Just Home Collection,"R$9,99",N/A,N/A,https://www.sodimac.com.br,879002,N/A
Cesto De Roupa Redondo Bambu Just Home Collection,"R$9,99",N/A,N/A,https://www.sodimac.com.br,875846,N/A
Sapateira para 10 Pares Just Home Collection,"R$9,99",N/A,N/A,https://www.sodimac.com.br,879344,N/A
Cabideiro  5 Gan Pto Mad Nat 60Cm,"R$9,99",N/A,N/A,https://www.sodimac.com.br,1058253,N/A
Conjunto de 10 Peças Cabides Metal Just Home Collection,"R$9,99",N/A,N/A,https://www.sodimac.com.br,879342,N/A
Cadeira Pc Daisy Just Home Collection,"R$9,99",N/A,N/A,https://www.sodimac.com.br,879622,N/A
Refletor Preto Led Slim 20W 6500K Avant,"R$9,99",N/A,N/A,https://www.sodimac.com.br,899783,N/A
Caixa Organizadora Code 21L Menta Crippa,"R$9,99",N/A,N/A,https://www.sodimac.com.br,888566001,N/A
Prateleira com Suporte em J Preto,"R$9,99",N/A,N/A,https://www.sodimac.com.br,868358,N/A
PRATELEIRA 30X60,"R$9,99",N/A,N/A,https://www.sodimac.com.br,650564,N/A
Gurilanda Bat Diamond 10 Leds Just Home Collection,"R$9,99",N/A,N/A,https://www.sodimac.com.br,876067,N/A
Haste Folha Bananeira Just Home Collection,"R$9,99",N/A,N/A,https://www.sodimac.com.br,878694,N/A
"Prateleira com Suporte 20X60X2,5 Preta","R$9,99",N/A,N/A,https://www.sodimac.com.br,882876001,N/A
"Prateleira com Suporte 20X40X4,0 Preta","R$9,99",N/A,N/A,https://www.sodimac.com.br,882872001,N/A
Luminária Mesa Touch Cyb Prata  Light It,"R$9,99",N/A,N/A,https://www.sodimac.com.br,886491002,N/A
Cubo 9 Jogo Da Velha Preto,"R$9,99",N/A,N/A,https://www.sodimac.com.br,754974002,N/A
Lona Carreteiro Leve - Cinza - 4X3,"R$9,99",N/A,N/A,https://www.sodimac.com.br,891942003,N/A
Conjunto 20 Cabides Just Home Collection,"R$9,99",N/A,N/A,https://www.sodimac.com.br,887338,N/A
Conjunto 8 Cabides Madeira Just Home Collection,"R$9,99",N/A,N/A,https://www.sodimac.com.br,555754,N/A
Cabideiro de Roupa Com Base de Mármore 170x32cm Just Home Collection,"R$9,99",N/A,N/A,https://www.sodimac.com.br,887363,N/A
Cesto de Roupa Redondo Bambu,"R$9,99",N/A,N/A,https://www.sodimac.com.br,875847,N/A
"Conjunto 10 Cabides Abs Veludo Bege, Madeira Just Home Collection","R$9,99",N/A,N/A,https://www.sodimac.com.br,555792,N/A
Cabide de Madeira Para 4 Calças Ordenna,"R$9,99",N/A,N/A,https://www.sodimac.com.br,557101,N/A
Arara de Roupa com 3 Caixas Organizadoras Tecido Just Home Collection,"R$9,99",N/A,N/A,https://www.sodimac.com.br,879395,N/A
Estante Multiuso com Rodas 3 Níveis Branco Just Home Collection,"R$9,99",N/A,N/A,https://www.sodimac.com.br,879983002,N/A
Caixa Organizadora Wenbox 32x16x42cm 15L,"R$9,99",N/A,N/A,https://www.sodimac.com.br,784670,N/A
Arara para Roupas com Sapateira Just Home Collection,"R$9,99",N/A,N/A,https://www.sodimac.com.br,879001,N/A
Conjunto de 15 Peças Cabides Natural Just Home Collection,"R$9,99",N/A,N/A,https://www.sodimac.com.br,879341,N/A
Sapateira Bambu Empilhavel 4 Níveis Just Home Collection,"R$9,99",N/A,N/A,https://www.sodimac.com.br,879002,N/A
Cesto De Roupa Redondo Bambu Just Home Collection,"R$9,99",N/A,N/A,https://www.sodimac.com.br,875846,N/A
Sapateira para 10 Pares Just Home Collection,"R$9,99",N/A,N/A,https://www.sodimac.com.br,879344,N/A
Cabideiro  5 Gan Pto Mad Nat 60Cm,"R$9,99",N/A,N/A,https://www.sodimac.com.br,1058253,N/A
Conjunto de 10 Peças Cabides Metal Just Home Collection,"R$9,99",N/A,N/A,https://www.sodimac.com.br,879342,N/A
Cadeira Pc Daisy Just Home Collection,"R$9,99",N/A,N/A,https://www.sodimac.com.br,879622,N/A
Refletor Preto Led Slim 20W 6500K Avant,"R$9,99",N/A,N/A,https://www.sodimac.com.br,899783,N/A
Caixa Organizadora Code 21L Menta Crippa,"R$9,99",N/A,N/A,https://www.sodimac.com.br,888566001,N/A
Prateleira com Suporte em J Preto,"R$9,99",N/A,N/A,https://www.sodimac.com.br,868358,N/A
PRATELEIRA 30X60,"R$9,99",N/A,N/A,https://www.sodimac.com.br,650564,N/A
Gurilanda Bat Diamond 10 Leds Just Home Collection,"R$9,99",N/A,N/A,https://www.sodimac.com.br,876067,N/A
Haste Folha Bananeira Just Home Collection,"R$9,99",N/A,N/A,https://www.sodimac.com.br,878694,N/A
"Prateleira com Suporte 20X60X2,5 Preta","R$9,99",N/A,N/A,https://www.sodimac.com.br,882876001,N/A
"Prateleira com Suporte 20X40X4,0 Preta","R$9,99",N/A,N/A,https://www.sodimac.com.br,882872001,N/A
Luminária Mesa Touch Cyb Prata  Light It,"R$9,99",N/A,N/A,https://www.sodimac.com.br,886491002,N/A
Cubo 9 Jogo Da Velha Preto,"R$9,99",N/A,N/A,https://www.sodimac.com.br,754974002,N/A
Lona Carreteiro Leve - Cinza - 4X3,"R$9,99",N/A,N/A,https://www.sodimac.com.br,891942003,N/A
Conjunto 20 Cabides Just Home Collection,"R$9,99",N/A,N/A,https://www.sodimac.com.br,887338,N/A
Conjunto 8 Cabides Madeira Just Home Collection,"R$9,99",N/A,N/A,https://www.sodimac.com.br,555754,N/A
Cabideiro de Roupa Com Base de Mármore 170x32cm Just Home Collection,"R$9,99",N/A,N/A,https://www.sodimac.com.br,887363,N/A
Cesto de Roupa Redondo Bambu,"R$9,99",N/A,N/A,https://www.sodimac.com.br,875847,N/A
"Conjunto 10 Cabides Abs Veludo Bege, Madeira Just Home Collection","R$9,99",N/A,N/A,https://www.sodimac.com.br,555792,N/A
Cabide de Madeira Para 4 Calças Ordenna,"R$9,99",N/A,N/A,https://www.sodimac.com.br,557101,N/A
Arara de Roupa com 3 Caixas Organizadoras Tecido Just Home Collection,"R$9,99",N/A,N/A,https://www.sodimac.com.br,879395,N/A
Estante Multiuso com Rodas 3 Níveis Branco Just Home Collection,"R$9,99",N/A,N/A,https://www.sodimac.com.br,879983002,N/A
Caixa Organizadora Wenbox 32x16x42cm 15L,"R$9,99",N/A,N/A,https://www.sodimac.com.br,784670,N/A
Arara para Roupas com Sapateira Just Home Collection,"R$9,99",N/A,N/A,https://www.sodimac.com.br,879001,N/A
Conjunto de 15 Peças Cabides Natural Just Home Collection,"R$9,99",N/A,N/A,https://www.sodimac.com.br,879341,N/A
Sapateira Bambu Empilhavel 4 Níveis Just Home Collection,"R$9,99",N/A,N/A,https://www.sodimac.com.br,879002,N/A
Cesto De Roupa Redondo Bambu Just Home Collection,"R$9,99",N/A,N/A,https://www.sodimac.com.br,875846,N/A
Sapateira para 10 Pares Just Home Collection,"R$9,99",N/A,N/A,https://www.sodimac.com.br,879344,N/A
Cabideiro  5 Gan Pto Mad Nat 60Cm,"R$9,99",N/A,N/A,https://www.sodimac.com.br,1058253,N/A
Conjunto de 10 Peças Cabides Metal Just Home Collection,"R$9,99",N/A,N/A,https://www.sodimac.com.br,879342,N/A
Cadeira Pc Daisy Just Home Collection,"R$9,99",N/A,N/A,https://www.sodimac.com.br,879622,N/A
Refletor Preto Led Slim 20W 6500K Avant,"R$9,99",N/A,N/A,https://www.sodimac.com.br,899783,N/A
Caixa Organizadora Code 21L Menta Crippa,"R$9,99",N/A,N/A,https://www.sodimac.com.br,888566001,N/A
Prateleira com Suporte em J Preto,"R$9,99",N/A,N/A,https://www.sodimac.com.br,868358,N/A
PRATELEIRA 30X60,"R$9,99",N/A,N/A,https://www.sodimac.com.br,650564,N/A
Gurilanda Bat Diamond 10 Leds Just Home Collection,"R$9,99",N/A,N/A,https://www.sodimac.com.br,876067,N/A
Haste Folha Bananeira Just Home Collection,"R$9,99",N/A,N/A,https://www.sodimac.com.br,878694,N/A
"Prateleira com Suporte 20X60X2,5 Preta","R$9,99",N/A,N/A,https://www.sodimac.com.br,882876001,N/A
"Prateleira com Suporte 20X40X4,0 Preta","R$9,99",N/A,N/A,https://www.sodimac.com.br,882872001,N/A
Luminária Mesa Touch Cyb Prata  Light It,"R$9,99",N/A,N/A,https://www.sodimac.com.br,886491002,N/A
Cubo 9 Jogo Da Velha Preto,"R$9,99",N/A,N/A,https://www.sodimac.com.br,754974002,N/A
Lona Carreteiro Leve - Cinza - 4X3,"R$9,99",N/A,N/A,https://www.sodimac.com.br,891942003,N/A
Conjunto 20 Cabides Just Home Collection,"R$9,99",N/A,N/A,https://www.sodimac.com.br,887338,N/A
Conjunto 8 Cabides Madeira Just Home Collection,"R$9,99",N/A,N/A,https://www.sodimac.com.br,555754,N/A
Cabideiro de Roupa Com Base de Mármore 170x32cm Just Home Collection,"R$9,99",N/A,N/A,https://www.sodimac.com.br,887363,N/A
Cesto de Roupa Redondo Bambu,"R$9,99",N/A,N/A,https://www.sodimac.com.br,875847,N/A
"Conjunto 10 Cabides Abs Veludo Bege, Madeira Just Home Collection","R$9,99",N/A,N/A,https://www.sodimac.com.br,555792,N/A
Cabide de Madeira Para 4 Calças Ordenna,"R$9,99",N/A,N/A,https://www.sodimac.com.br,557101,N/A
Arara de Roupa com 3 Caixas Organizadoras Tecido Just Home Collection,"R$9,99",N/A,N/A,https://www.sodimac.com.br,879395,N/A
Estante Multiuso com Rodas 3 Níveis Branco Just Home Collection,"R$9,99",N/A,N/A,https://www.sodimac.com.br,879983002,N/A
Caixa Organizadora Wenbox 32x16x42cm 15L,"R$9,99",N/A,N/A,https://www.sodimac.com.br,784670,N/A
Arara para Roupas com Sapateira Just Home Collection,"R$9,99",N/A,N/A,https://www.sodimac.com.br,879001,N/A
Conjunto de 15 Peças Cabides Natural Just Home Collection,"R$9,99",N/A,N/A,https://www.sodimac.com.br,879341,N/A
Sapateira Bambu Empilhavel 4 Níveis Just Home Collection,"R$9,99",N/A,N/A,https://www.sodimac.com.br,879002,N/A
Cesto De Roupa Redondo Bambu Just Home Collection,"R$9,99",N/A,N/A,https://www.sodimac.com.br,875846,N/A
Sapateira para 10 Pares Just Home Collection,"R$9,99",N/A,N/A,https://www.sodimac.com.br,879344,N/A
Cabideiro  5 Gan Pto Mad Nat 60Cm,"R$9,99",N/A,N/A,https://www.sodimac.com.br,1058253,N/A
Conjunto de 10 Peças Cabides Metal Just Home Collection,"R$9,99",N/A,N/A,https://www.sodimac.com.br,879342,N/A
Cadeira Pc Daisy Just Home Collection,"R$9,99",N/A,N/A,https://www.sodimac.com.br,879622,N/A
Refletor Preto Led Slim 20W 6500K Avant,"R$9,99",N/A,N/A,https://www.sodimac.com.br,899783,N/A
Caixa Organizadora Code 21L Menta Crippa,"R$9,99",N/A,N/A,https://www.sodimac.com.br,888566001,N/A
Prateleira com Suporte em J Preto,"R$9,99",N/A,N/A,https://www.sodimac.com.br,868358,N/A
PRATELEIRA 30X60,"R$9,99",N/A,N/A,https://www.sodimac.com.br,650564,N/A
Gurilanda Bat Diamond 10 Leds Just Home Collection,"R$9,99",N/A,N/A,https://www.sodimac.com.br,876067,N/A
Haste Folha Bananeira Just Home Collection,"R$9,99",N/A,N/A,https://www.sodimac.com.br,878694,N/A
"Prateleira com Suporte 20X60X2,5 Preta","R$9,99",N/A,N/A,https://www.sodimac.com.br,882876001,N/A
"Prateleira com Suporte 20X40X4,0 Preta","R$9,99",N/A,N/A,https://www.sodimac.com.br,882872001,N/A
Luminária Mesa Touch Cyb Prata  Light It,"R$9,99",N/A,N/A,https://www.sodimac.com.br,886491002,N/A
Cubo 9 Jogo Da Velha Preto,"R$9,99",N/A,N/A,https://www.sodimac.com.br,754974002,N/A
Lona Carreteiro Leve - Cinza - 4X3,"R$9,99",N/A,N/A,https://www.sodimac.com.br,891942003,N/A
Conjunto 20 Cabides Just Home Collection,"R$9,99",N/A,N/A,https://www.sodimac.com.br,887338,N/A
Conjunto 8 Cabides Madeira Just Home Collection,"R$9,99",N/A,N/A,https://www.sodimac.com.br,555754,N/A
Cabideiro de Roupa Com Base de Mármore 170x32cm Just Home Collection,"R$9,99",N/A,N/A,https://www.sodimac.com.br,887363,N/A
Cesto de Roupa Redondo Bambu,"R$9,99",N/A,N/A,https://www.sodimac.com.br,875847,N/A
"Conjunto 10 Cabides Abs Veludo Bege, Madeira Just Home Collection","R$9,99",N/A,N/A,https://www.sodimac.com.br,555792,N/A
Cabide de Madeira Para 4 Calças Ordenna,"R$9,99",N/A,N/A,https://www.sodimac.com.br,557101,N/A
Arara de Roupa com 3 Caixas Organizadoras Tecido Just Home Collection,"R$9,99",N/A,N/A,https://www.sodimac.com.br,879395,N/A
Estante Multiuso com Rodas 3 Níveis Branco Just Home Collection,"R$9,99",N/A,N/A,https://www.sodimac.com.br,879983002,N/A
Caixa Organizadora Wenbox 32x16x42cm 15L,"R$9,99",N/A,N/A,https://www.sodimac.com.br,784670,N/A
Arara para Roupas com Sapateira Just Home Collection,"R$9,99",N/A,N/A,https://www.sodimac.com.br,879001,N/A
Conjunto de 15 Peças Cabides Natural Just Home Collection,"R$9,99",N/A,N/A,https://www.sodimac.com.br,879341,N/A
Sapateira Bambu Empilhavel 4 Níveis Just Home Collection,"R$9,99",N/A,N/A,https://www.sodimac.com.br,879002,N/A
Cesto De Roupa Redondo Bambu Just Home Collection,"R$9,99",N/A,N/A,https://www.sodimac.com.br,875846,N/A
Sapateira para 10 Pares Just Home Collection,"R$9,99",N/A,N/A,https://www.sodimac.com.br,879344,N/A
Cabideiro  5 Gan Pto Mad Nat 60Cm,"R$9,99",N/A,N/A,https://www.sodimac.com.br,1058253,N/A
Conjunto de 10 Peças Cabides Metal Just Home Collection,"R$9,99",N/A,N/A,https://www.sodimac.com.br,879342,N/A
Cadeira Pc Daisy Just Home Collection,"R$9,99",N/A,N/A,https://www.sodimac.com.br,879622,N/A
Refletor Preto Led Slim 20W 6500K Avant,"R$9,99",N/A,N/A,https://www.sodimac.com.br,899783,N/A
Caixa Organizadora Code 21L Menta Crippa,"R$9,99",N/A,N/A,https://www.sodimac.com.br,888566001,N/A
Prateleira com Suporte em J Preto,"R$9,99",N/A,N/A,https://www.sodimac.com.br,868358,N/A
PRATELEIRA 30X60,"R$9,99",N/A,N/A,https://www.sodimac.com.br,650564,N/A
Gurilanda Bat Diamond 10 Leds Just Home Collection,"R$9,99",N/A,N/A,https://www.sodimac.com.br,876067,N/A
Haste Folha Bananeira Just Home Collection,"R$9,99",N/A,N/A,https://www.sodimac.com.br,878694,N/A
"Prateleira com Suporte 20X60X2,5 Preta","R$9,99",N/A,N/A,https://www.sodimac.com.br,882876001,N/A
"Prateleira com Suporte 20X40X4,0 Preta","R$9,99",N/A,N/A,https://www.sodimac.com.br,882872001,N/A
Luminária Mesa Touch Cyb Prata  Light It,"R$9,99",N/A,N/A,https://www.sodimac.com.br,886491002,N/A
Cubo 9 Jogo Da Velha Preto,"R$9,99",N/A,N/A,https://www.sodimac.com.br,754974002,N/A
Lona Carreteiro Leve - Cinza - 4X3,"R$9,99",N/A,N/A,https://www.sodimac.com.br,891942003,N/A
Conjunto 20 Cabides Just Home Collection,"R$9,99",N/A,N/A,https://www.sodimac.com.br,887338,N/A
Conjunto 8 Cabides Madeira Just Home Collection,"R$9,99",N/A,N/A,https://www.sodimac.com.br,555754,N/A
Cabideiro de Roupa Com Base de Mármore 170x32cm Just Home Collection,"R$9,99",N/A,N/A,https://www.sodimac.com.br,887363,N/A
Cesto de Roupa Redondo Bambu,"R$9,99",N/A,N/A,https://www.sodimac.com.br,875847,N/A
"Conjunto 10 Cabides Abs Veludo Bege, Madeira Just Home Collection","R$9,99",N/A,N/A,https://www.sodimac.com.br,555792,N/A
Cabide de Madeira Para 4 Calças Ordenna,"R$9,99",N/A,N/A,https://www.sodimac.com.br,557101,N/A
Arara de Roupa com 3 Caixas Organizadoras Tecido Just Home Collection,"R$9,99",N/A,N/A,https://www.sodimac.com.br,879395,N/A
Estante Multiuso com Rodas 3 Níveis Branco Just Home Collection,"R$9,99",N/A,N/A,https://www.sodimac.com.br,879983002,N/A
Caixa Organizadora Wenbox 32x16x42cm 15L,"R$9,99",N/A,N/A,https://www.sodimac.com.br,784670,N/A
Arara para Roupas com Sapateira Just Home Collection,"R$9,99",N/A,N/A,https://www.sodimac.com.br,879001,N/A
Conjunto de 15 Peças Cabides Natural Just Home Collection,"R$9,99",N/A,N/A,https://www.sodimac.com.br,879341,N/A
Sapateira Bambu Empilhavel 4 Níveis Just Home Collection,"R$9,99",N/A,N/A,https://www.sodimac.com.br,879002,N/A
Cesto De Roupa Redondo Bambu Just Home Collection,"R$9,99",N/A,N/A,https://www.sodimac.com.br,875846,N/A
Sapateira para 10 Pares Just Home Collection,"R$9,99",N/A,N/A,https://www.sodimac.com.br,879344,N/A
Cabideiro  5 Gan Pto Mad Nat 60Cm,"R$9,99",N/A,N/A,https://www.sodimac.com.br,1058253,N/A
Conjunto de 10 Peças Cabides Metal Just Home Collection,"R$9,99",N/A,N/A,https://www.sodimac.com.br,879342,N/A
Cadeira Pc Daisy Just Home Collection,"R$9,99",N/A,N/A,https://www.sodimac.com.br,879622,N/A
Refletor Preto Led Slim 20W 6500K Avant,"R$9,99",N/A,N/A,https://www.sodimac.com.br,899783,N/A
Caixa Organizadora Code 21L Menta Crippa,"R$9,99",N/A,N/A,https://www.sodimac.com.br,888566001,N/A
Prateleira com Suporte em J Preto,"R$9,99",N/A,N/A,https://www.sodimac.com.br,868358,N/A
PRATELEIRA 30X60,"R$9,99",N/A,N/A,https://www.sodimac.com.br,650564,N/A
Gurilanda Bat Diamond 10 Leds Just Home Collection,"R$9,99",N/A,N/A,https://www.sodimac.com.br,876067,N/A
Haste Folha Bananeira Just Home Collection,"R$9,99",N/A,N/A,https://www.sodimac.com.br,878694,N/A
"Prateleira com Suporte 20X60X2,5 Preta","R$9,99",N/A,N/A,https://www.sodimac.com.br,882876001,N/A
"Prateleira com Suporte 20X40X4,0 Preta","R$9,99",N/A,N/A,https://www.sodimac.com.br,882872001,N/A
Luminária Mesa Touch Cyb Prata  Light It,"R$9,99",N/A,N/A,https://www.sodimac.com.br,886491002,N/A
Cubo 9 Jogo Da Velha Preto,"R$9,99",N/A,N/A,https://www.sodimac.com.br,754974002,N/A
Lona Carreteiro Leve - Cinza - 4X3,"R$9,99",N/A,N/A,https://www.sodimac.com.br,891942003,N/A
Conjunto 20 Cabides Just Home Collection,"R$9,99",N/A,N/A,https://www.sodimac.com.br,887338,N/A
Conjunto 8 Cabides Madeira Just Home Collection,"R$9,99",N/A,N/A,https://www.sodimac.com.br,555754,N/A
Cabideiro de Roupa Com Base de Mármore 170x32cm Just Home Collection,"R$9,99",N/A,N/A,https://www.sodimac.com.br,887363,N/A
Cesto de Roupa Redondo Bambu,"R$9,99",N/A,N/A,https://www.sodimac.com.br,875847,N/A
"Conjunto 10 Cabides Abs Veludo Bege, Madeira Just Home Collection","R$9,99",N/A,N/A,https://www.sodimac.com.br,555792,N/A
Cabide de Madeira Para 4 Calças Ordenna,"R$9,99",N/A,N/A,https://www.sodimac.com.br,557101,N/A
Arara de Roupa com 3 Caixas Organizadoras Tecido Just Home Collection,"R$9,99",N/A,N/A,https://www.sodimac.com.br,879395,N/A
Estante Multiuso com Rodas 3 Níveis Branco Just Home Collection,"R$9,99",N/A,N/A,https://www.sodimac.com.br,879983002,N/A
Caixa Organizadora Wenbox 32x16x42cm 15L,"R$9,99",N/A,N/A,https://www.sodimac.com.br,784670,N/A
Arara para Roupas com Sapateira Just Home Collection,"R$9,99",N/A,N/A,https://www.sodimac.com.br,879001,N/A
Conjunto de 15 Peças Cabides Natural Just Home Collection,"R$9,99",N/A,N/A,https://www.sodimac.com.br,879341,N/A
Sapateira Bambu Empilhavel 4 Níveis Just Home Collection,"R$9,99",N/A,N/A,https://www.sodimac.com.br,879002,N/A
Cesto De Roupa Redondo Bambu Just Home Collection,"R$9,99",N/A,N/A,https://www.sodimac.com.br,875846,N/A
Sapateira para 10 Pares Just Home Collection,"R$9,99",N/A,N/A,https://www.sodimac.com.br,879344,N/A
Cabideiro  5 Gan Pto Mad Nat 60Cm,"R$9,99",N/A,N/A,https://www.sodimac.com.br,1058253,N/A
Conjunto de 10 Peças Cabides Metal Just Home Collection,"R$9,99",N/A,N/A,https://www.sodimac.com.br,879342,N/A
Cadeira Pc Daisy Just Home Collection,"R$9,99",N/A,N/A,https://www.sodimac.com.br,879622,N/A
Refletor Preto Led Slim 20W 6500K Avant,"R$9,99",N/A,N/A,https://www.sodimac.com.br,899783,N/A
Caixa Organizadora Code 21L Menta Crippa,"R$9,99",N/A,N/A,https://www.sodimac.com.br,888566001,N/A
Prateleira com Suporte em J Preto,"R$9,99",N/A,N/A,https://www.sodimac.com.br,868358,N/A
PRATELEIRA 30X60,"R$9,99",N/A,N/A,https://www.sodimac.com.br,650564,N/A
Gurilanda Bat Diamond 10 Leds Just Home Collection,"R$9,99",N/A,N/A,https://www.sodimac.com.br,876067,N/A
Haste Folha Bananeira Just Home Collection,"R$9,99",N/A,N/A,https://www.sodimac.com.br,878694,N/A
"Prateleira com Suporte 20X60X2,5 Preta","R$9,99",N/A,N/A,https://www.sodimac.com.br,882876001,N/A
"Prateleira com Suporte 20X40X4,0 Preta","R$9,99",N/A,N/A,https://www.sodimac.com.br,882872001,N/A
Luminária Mesa Touch Cyb Prata  Light It,"R$9,99",N/A,N/A,https://www.sodimac.com.br,886491002,N/A
Cubo 9 Jogo Da Velha Preto,"R$9,99",N/A,N/A,https://www.sodimac.com.br,754974002,N/A
Lona Carreteiro Leve - Cinza - 4X3,"R$9,99",N/A,N/A,https://www.sodimac.com.br,891942003,N/A
Conjunto 20 Cabides Just Home Collection,"R$9,99",N/A,N/A,https://www.sodimac.com.br,887338,N/A
Conjunto 8 Cabides Madeira Just Home Collection,"R$9,99",N/A,N/A,https://www.sodimac.com.br,555754,N/A
Cabideiro de Roupa Com Base de Mármore 170x32cm Just Home Collection,"R$9,99",N/A,N/A,https://www.sodimac.com.br,887363,N/A
Cesto de Roupa Redondo Bambu,"R$9,99",N/A,N/A,https://www.sodimac.com.br,875847,N/A
"Conjunto 10 Cabides Abs Veludo Bege, Madeira Just Home Collection","R$9,99",N/A,N/A,https://www.sodimac.com.br,555792,N/A
Cabide de Madeira Para 4 Calças Ordenna,"R$9,99",N/A,N/A,https://www.sodimac.com.br,557101,N/A
Arara de Roupa com 3 Caixas Organizadoras Tecido Just Home Collection,"R$9,99",N/A,N/A,https://www.sodimac.com.br,879395,N/A
Estante Multiuso com Rodas 3 Níveis Branco Just Home Collection,"R$9,99",N/A,N/A,https://www.sodimac.com.br,879983002,N/A
Caixa Organizadora Wenbox 32x16x42cm 15L,"R$9,99",N/A,N/A,https://www.sodimac.com.br,784670,N/A
Arara para Roupas com Sapateira Just Home Collection,"R$9,99",N/A,N/A,https://www.sodimac.com.br,879001,N/A
Conjunto de 15 Peças Cabides Natural Just Home Collection,"R$9,99",N/A,N/A,https://www.sodimac.com.br,879341,N/A
Sapateira Bambu Empilhavel 4 Níveis Just Home Collection,"R$9,99",N/A,N/A,https://www.sodimac.com.br,879002,N/A
Cesto De Roupa Redondo Bambu Just Home Collection,"R$9,99",N/A,N/A,https://www.sodimac.com.br,875846,N/A
Sapateira para 10 Pares Just Home Collection,"R$9,99",N/A,N/A,https://www.sodimac.com.br,879344,N/A
Cabideiro  5 Gan Pto Mad Nat 60Cm,"R$9,99",N/A,N/A,https://www.sodimac.com.br,1058253,N/A
Conjunto de 10 Peças Cabides Metal Just Home Collection,"R$9,99",N/A,N/A,https://www.sodimac.com.br,879342,N/A
Cadeira Pc Daisy Just Home Collection,"R$9,99",N/A,N/A,https://www.sodimac.com.br,879622,N/A
Refletor Preto Led Slim 20W 6500K Avant,"R$9,99",N/A,N/A,https://www.sodimac.com.br,899783,N/A
Caixa Organizadora Code 21L Menta Crippa,"R$9,99",N/A,N/A,https://www.sodimac.com.br,888566001,N/A
Prateleira com Suporte em J Preto,"R$9,99",N/A,N/A,https://www.sodimac.com.br,868358,N/A
PRATELEIRA 30X60,"R$9,99",N/A,N/A,https://www.sodimac.com.br,650564,N/A
Gurilanda Bat Diamond 10 Leds Just Home Collection,"R$9,99",N/A,N/A,https://www.sodimac.com.br,876067,N/A
Haste Folha Bananeira Just Home Collection,"R$9,99",N/A,N/A,https://www.sodimac.com.br,878694,N/A
"Prateleira com Suporte 20X60X2,5 Preta","R$9,99",N/A,N/A,https://www.sodimac.com.br,882876001,N/A
"Prateleira com Suporte 20X40X4,0 Preta","R$9,99",N/A,N/A,https://www.sodimac.com.br,882872001,N/A
Luminária Mesa Touch Cyb Prata  Light It,"R$9,99",N/A,N/A,https://www.sodimac.com.br,886491002,N/A
Cubo 9 Jogo Da Velha Preto,"R$9,99",N/A,N/A,https://www.sodimac.com.br,754974002,N/A
Lona Carreteiro Leve - Cinza - 4X3,"R$9,99",N/A,N/A,https://www.sodimac.com.br,891942003,N/A
Conjunto 20 Cabides Just Home Collection,"R$9,99",N/A,N/A,https://www.sodimac.com.br,887338,N/A
Conjunto 8 Cabides Madeira Just Home Collection,"R$9,99",N/A,N/A,https://www.sodimac.com.br,555754,N/A
Cabideiro de Roupa Com Base de Mármore 170x32cm Just Home Collection,"R$9,99",N/A,N/A,https://www.sodimac.com.br,887363,N/A
Cesto de Roupa Redondo Bambu,"R$9,99",N/A,N/A,https://www.sodimac.com.br,875847,N/A
"Conjunto 10 Cabides Abs Veludo Bege, Madeira Just Home Collection","R$9,99",N/A,N/A,https://www.sodimac.com.br,555792,N/A
Cabide de Madeira Para 4 Calças Ordenna,"R$9,99",N/A,N/A,https://www.sodimac.com.br,557101,N/A
Arara de Roupa com 3 Caixas Organizadoras Tecido Just Home Collection,"R$9,99",N/A,N/A,https://www.sodimac.com.br,879395,N/A
Estante Multiuso com Rodas 3 Níveis Branco Just Home Collection,"R$9,99",N/A,N/A,https://www.sodimac.com.br,879983002,N/A
Caixa Organizadora Wenbox 32x16x42cm 15L,"R$9,99",N/A,N/A,https://www.sodimac.com.br,784670,N/A
Arara para Roupas com Sapateira Just Home Collection,"R$9,99",N/A,N/A,https://www.sodimac.com.br,879001,N/A
Conjunto de 15 Peças Cabides Natural Just Home Collection,"R$9,99",N/A,N/A,https://www.sodimac.com.br,879341,N/A
Sapateira Bambu Empilhavel 4 Níveis Just Home Collection,"R$9,99",N/A,N/A,https://www.sodimac.com.br,879002,N/A
Cesto De Roupa Redondo Bambu Just Home Collection,"R$9,99",N/A,N/A,https://www.sodimac.com.br,875846,N/A
Sapateira para 10 Pares Just Home Collection,"R$9,99",N/A,N/A,https://www.sodimac.com.br,879344,N/A
Cabideiro  5 Gan Pto Mad Nat 60Cm,"R$9,99",N/A,N/A,https://www.sodimac.com.br,1058253,N/A
Conjunto de 10 Peças Cabides Metal Just Home Collection,"R$9,99",N/A,N/A,https://www.sodimac.com.br,879342,N/A
Cadeira Pc Daisy Just Home Collection,"R$9,99",N/A,N/A,https://www.sodimac.com.br,879622,N/A
Refletor Preto Led Slim 20W 6500K Avant,"R$9,99",N/A,N/A,https://www.sodimac.com.br,899783,N/A
Caixa Organizadora Code 21L Menta Crippa,"R$9,99",N/A,N/A,https://www.sodimac.com.br,888566001,N/A
Prateleira com Suporte em J Preto,"R$9,99",N/A,N/A,https://www.sodimac.com.br,868358,N/A
PRATELEIRA 30X60,"R$9,99",N/A,N/A,https://www.sodimac.com.br,650564,N/A
Gurilanda Bat Diamond 10 Leds Just Home Collection,"R$9,99",N/A,N/A,https://www.sodimac.com.br,876067,N/A
Haste Folha Bananeira Just Home Collection,"R$9,99",N/A,N/A,https://www.sodimac.com.br,878694,N/A
"Prateleira com Suporte 20X60X2,5 Preta","R$9,99",N/A,N/A,https://www.sodimac.com.br,882876001,N/A
"Prateleira com Suporte 20X40X4,0 Preta","R$9,99",N/A,N/A,https://www.sodimac.com.br,882872001,N/A
Luminária Mesa Touch Cyb Prata  Light It,"R$9,99",N/A,N/A,https://www.sodimac.com.br,886491002,N/A
Cubo 9 Jogo Da Velha Preto,"R$9,99",N/A,N/A,https://www.sodimac.com.br,754974002,N/A
Lona Carreteiro Leve - Cinza - 4X3,"R$9,99",N/A,N/A,https://www.sodimac.com.br,891942003,N/A
Conjunto 20 Cabides Just Home Collection,"R$9,99",N/A,N/A,https://www.sodimac.com.br,887338,N/A
Conjunto 8 Cabides Madeira Just Home Collection,"R$9,99",N/A,N/A,https://www.sodimac.com.br,555754,N/A
Cabideiro de Roupa Com Base de Mármore 170x32cm Just Home Collection,"R$9,99",N/A,N/A,https://www.sodimac.com.br,887363,N/A
Cesto de Roupa Redondo Bambu,"R$9,99",N/A,N/A,https://www.sodimac.com.br,875847,N/A
"Conjunto 10 Cabides Abs Veludo Bege, Madeira Just Home Collection","R$9,99",N/A,N/A,https://www.sodimac.com.br,555792,N/A
Cabide de Madeira Para 4 Calças Ordenna,"R$9,99",N/A,N/A,https://www.sodimac.com.br,557101,N/A
Arara de Roupa com 3 Caixas Organizadoras Tecido Just Home Collection,"R$9,99",N/A,N/A,https://www.sodimac.com.br,879395,N/A
Estante Multiuso com Rodas 3 Níveis Branco Just Home Collection,"R$9,99",N/A,N/A,https://www.sodimac.com.br,879983002,N/A
Caixa Organizadora Wenbox 32x16x42cm 15L,"R$9,99",N/A,N/A,https://www.sodimac.com.br,784670,N/A
Arara para Roupas com Sapateira Just Home Collection,"R$9,99",N/A,N/A,https://www.sodimac.com.br,879001,N/A
Conjunto de 15 Peças Cabides Natural Just Home Collection,"R$9,99",N/A,N/A,https://www.sodimac.com.br,879341,N/A
Sapateira Bambu Empilhavel 4 Níveis Just Home Collection,"R$9,99",N/A,N/A,https://www.sodimac.com.br,879002,N/A
Cesto De Roupa Redondo Bambu Just Home Collection,"R$9,99",N/A,N/A,https://www.sodimac.com.br,875846,N/A
Sapateira para 10 Pares Just Home Collection,"R$9,99",N/A,N/A,https://www.sodimac.com.br,879344,N/A
Cabideiro  5 Gan Pto Mad Nat 60Cm,"R$9,99",N/A,N/A,https://www.sodimac.com.br,1058253,N/A
Conjunto de 10 Peças Cabides Metal Just Home Collection,"R$9,99",N/A,N/A,https://www.sodimac.com.br,879342,N/A
Cadeira Pc Daisy Just Home Collection,"R$9,99",N/A,N/A,https://www.sodimac.com.br,879622,N/A
Refletor Preto Led Slim 20W 6500K Avant,"R$9,99",N/A,N/A,https://www.sodimac.com.br,899783,N/A
Caixa Organizadora Code 21L Menta Crippa,"R$9,99",N/A,N/A,https://www.sodimac.com.br,888566001,N/A
Prateleira com Suporte em J Preto,"R$9,99",N/A,N/A,https://www.sodimac.com.br,868358,N/A
PRATELEIRA 30X60,"R$9,99",N/A,N/A,https://www.sodimac.com.br,650564,N/A
Gurilanda Bat Diamond 10 Leds Just Home Collection,"R$9,99",N/A,N/A,https://www.sodimac.com.br,876067,N/A
Haste Folha Bananeira Just Home Collection,"R$9,99",N/A,N/A,https://www.sodimac.com.br,878694,N/A
"Prateleira com Suporte 20X60X2,5 Preta","R$9,99",N/A,N/A,https://www.sodimac.com.br,882876001,N/A
"Prateleira com Suporte 20X40X4,0 Preta","R$9,99",N/A,N/A,https://www.sodimac.com.br,882872001,N/A
Luminária Mesa Touch Cyb Prata  Light It,"R$9,99",N/A,N/A,https://www.sodimac.com.br,886491002,N/A
Cubo 9 Jogo Da Velha Preto,"R$9,99",N/A,N/A,https://www.sodimac.com.br,754974002,N/A
Lona Carreteiro Leve - Cinza - 4X3,"R$9,99",N/A,N/A,https://www.sodimac.com.br,891942003,N/A
Conjunto 20 Cabides Just Home Collection,"R$9,99",N/A,N/A,https://www.sodimac.com.br,887338,N/A
Conjunto 8 Cabides Madeira Just Home Collection,"R$9,99",N/A,N/A,https://www.sodimac.com.br,555754,N/A
Cabideiro de Roupa Com Base de Mármore 170x32cm Just Home Collection,"R$9,99",N/A,N/A,https://www.sodimac.com.br,887363,N/A
Cesto de Roupa Redondo Bambu,"R$9,99",N/A,N/A,https://www.sodimac.com.br,875847,N/A
"Conjunto 10 Cabides Abs Veludo Bege, Madeira Just Home Collection","R$9,99",N/A,N/A,https://www.sodimac.com.br,555792,N/A
Cabide de Madeira Para 4 Calças Ordenna,"R$9,99",N/A,N/A,https://www.sodimac.com.br,557101,N/A
Arara de Roupa com 3 Caixas Organizadoras Tecido Just Home Collection,"R$9,99",N/A,N/A,https://www.sodimac.com.br,879395,N/A
Estante Multiuso com Rodas 3 Níveis Branco Just Home Collection,"R$9,99",N/A,N/A,https://www.sodimac.com.br,879983002,N/A
Caixa Organizadora Wenbox 32x16x42cm 15L,"R$9,99",N/A,N/A,https://www.sodimac.com.br,784670,N/A
Arara para Roupas com Sapateira Just Home Collection,"R$9,99",N/A,N/A,https://www.sodimac.com.br,879001,N/A
Conjunto de 15 Peças Cabides Natural Just Home Collection,"R$9,99",N/A,N/A,https://www.sodimac.com.br,879341,N/A
Sapateira Bambu Empilhavel 4 Níveis Just Home Collection,"R$9,99",N/A,N/A,https://www.sodimac.com.br,879002,N/A
Cesto De Roupa Redondo Bambu Just Home Collection,"R$9,99",N/A,N/A,https://www.sodimac.com.br,875846,N/A
Sapateira para 10 Pares Just Home Collection,"R$9,99",N/A,N/A,https://www.sodimac.com.br,879344,N/A
Cabideiro  5 Gan Pto Mad Nat 60Cm,"R$9,99",N/A,N/A,https://www.sodimac.com.br,1058253,N/A
Conjunto de 10 Peças Cabides Metal Just Home Collection,"R$9,99",N/A,N/A,https://www.sodimac.com.br,879342,N/A
Cadeira Pc Daisy Just Home Collection,"R$9,99",N/A,N/A,https://www.sodimac.com.br,879622,N/A
Refletor Preto Led Slim 20W 6500K Avant,"R$9,99",N/A,N/A,https://www.sodimac.com.br,899783,N/A
Caixa Organizadora Code 21L Menta Crippa,"R$9,99",N/A,N/A,https://www.sodimac.com.br,888566001,N/A
Prateleira com Suporte em J Preto,"R$9,99",N/A,N/A,https://www.sodimac.com.br,868358,N/A
PRATELEIRA 30X60,"R$9,99",N/A,N/A,https://www.sodimac.com.br,650564,N/A
Gurilanda Bat Diamond 10 Leds Just Home Collection,"R$9,99",N/A,N/A,https://www.sodimac.com.br,876067,N/A
Haste Folha Bananeira Just Home Collection,"R$9,99",N/A,N/A,https://www.sodimac.com.br,878694,N/A
"Prateleira com Suporte 20X60X2,5 Preta","R$9,99",N/A,N/A,https://www.sodimac.com.br,882876001,N/A
"Prateleira com Suporte 20X40X4,0 Preta","R$9,99",N/A,N/A,https://www.sodimac.com.br,882872001,N/A
Luminária Mesa Touch Cyb Prata  Light It,"R$9,99",N/A,N/A,https://www.sodimac.com.br,886491002,N/A
Cubo 9 Jogo Da Velha Preto,"R$9,99",N/A,N/A,https://www.sodimac.com.br,754974002,N/A
Lona Carreteiro Leve - Cinza - 4X3,"R$9,99",N/A,N/A,https://www.sodimac.com.br,891942003,N/A
Conjunto 20 Cabides Just Home Collection,"R$9,99",N/A,N/A,https://www.sodimac.com.br,887338,N/A
Conjunto 8 Cabides Madeira Just Home Collection,"R$9,99",N/A,N/A,https://www.sodimac.com.br,555754,N/A
Cabideiro de Roupa Com Base de Mármore 170x32cm Just Home Collection,"R$9,99",N/A,N/A,https://www.sodimac.com.br,887363,N/A
Cesto de Roupa Redondo Bambu,"R$9,99",N/A,N/A,https://www.sodimac.com.br,875847,N/A
"Conjunto 10 Cabides Abs Veludo Bege, Madeira Just Home Collection","R$9,99",N/A,N/A,https://www.sodimac.com.br,555792,N/A
Cabide de Madeira Para 4 Calças Ordenna,"R$9,99",N/A,N/A,https://www.sodimac.com.br,557101,N/A
Arara de Roupa com 3 Caixas Organizadoras Tecido Just Home Collection,"R$9,99",N/A,N/A,https://www.sodimac.com.br,879395,N/A
Estante Multiuso com Rodas 3 Níveis Branco Just Home Collection,"R$9,99",N/A,N/A,https://www.sodimac.com.br,879983002,N/A
Caixa Organizadora Wenbox 32x16x42cm 15L,"R$9,99",N/A,N/A,https://www.sodimac.com.br,784670,N/A
Arara para Roupas com Sapateira Just Home Collection,"R$9,99",N/A,N/A,https://www.sodimac.com.br,879001,N/A
Conjunto de 15 Peças Cabides Natural Just Home Collection,"R$9,99",N/A,N/A,https://www.sodimac.com.br,879341,N/A
Sapateira Bambu Empilhavel 4 Níveis Just Home Collection,"R$9,99",N/A,N/A,https://www.sodimac.com.br,879002,N/A
Cesto De Roupa Redondo Bambu Just Home Collection,"R$9,99",N/A,N/A,https://www.sodimac.com.br,875846,N/A
Sapateira para 10 Pares Just Home Collection,"R$9,99",N/A,N/A,https://www.sodimac.com.br,879344,N/A
Cabideiro  5 Gan Pto Mad Nat 60Cm,"R$9,99",N/A,N/A,https://www.sodimac.com.br,1058253,N/A
Conjunto de 10 Peças Cabides Metal Just Home Collection,"R$9,99",N/A,N/A,https://www.sodimac.com.br,879342,N/A
Cadeira Pc Daisy Just Home Collection,"R$9,99",N/A,N/A,https://www.sodimac.com.br,879622,N/A
Refletor Preto Led Slim 20W 6500K Avant,"R$9,99",N/A,N/A,https://www.sodimac.com.br,899783,N/A
Caixa Organizadora Code 21L Menta Crippa,"R$9,99",N/A,N/A,https://www.sodimac.com.br,888566001,N/A
Prateleira com Suporte em J Preto,"R$9,99",N/A,N/A,https://www.sodimac.com.br,868358,N/A
PRATELEIRA 30X60,"R$9,99",N/A,N/A,https://www.sodimac.com.br,650564,N/A
Gurilanda Bat Diamond 10 Leds Just Home Collection,"R$9,99",N/A,N/A,https://www.sodimac.com.br,876067,N/A
Haste Folha Bananeira Just Home Collection,"R$9,99",N/A,N/A,https://www.sodimac.com.br,878694,N/A
"Prateleira com Suporte 20X60X2,5 Preta","R$9,99",N/A,N/A,https://www.sodimac.com.br,882876001,N/A
"Prateleira com Suporte 20X40X4,0 Preta","R$9,99",N/A,N/A,https://www.sodimac.com.br,882872001,N/A
Luminária Mesa Touch Cyb Prata  Light It,"R$9,99",N/A,N/A,https://www.sodimac.com.br,886491002,N/A
Cubo 9 Jogo Da Velha Preto,"R$9,99",N/A,N/A,https://www.sodimac.com.br,754974002,N/A
Lona Carreteiro Leve - Cinza - 4X3,"R$9,99",N/A,N/A,https://www.sodimac.com.br,891942003,N/A
Conjunto 20 Cabides Just Home Collection,"R$9,99",N/A,N/A,https://www.sodimac.com.br,887338,N/A
